-- Seed generado el 2026-05-31T03:23:25.929Z
-- Usa UUIDs v4 para alinearse con el dominio actual

-- Datos derivados del seed
DELETE FROM integraciones_captaciones_pendientes;
DELETE FROM ventas_actividad;

-- Usuarios
INSERT INTO usuarios (id, username, nombre, hash_clave, rol, estado, creado_en, actualizado_en) VALUES ('00000000-0000-4000-a000-000000000001', 'admin', 'Admin ALVAS', 'pbkdf2$100000$MpxoqsNN2qBSr_489pZOdw$r3dtToGZebOOqvYEKVoqFN4PH8puCkBuqmCkizHTpKM', 'ADMIN', 'ACTIVO', '2026-05-31T03:23:25.929Z', '2026-05-31T03:23:25.929Z') ON CONFLICT(id) DO UPDATE SET username=excluded.username, nombre=excluded.nombre, hash_clave=excluded.hash_clave, rol=excluded.rol, estado=excluded.estado, actualizado_en=excluded.actualizado_en;
INSERT INTO usuarios (id, username, nombre, hash_clave, rol, estado, creado_en, actualizado_en) VALUES ('00000000-0000-4000-a000-000000000002', 'jramirez', 'Juan Ramírez', 'pbkdf2$100000$MkT5ryOF1rg3jQqBpG5_mA$IQUjMO7XYJY3qvPw0pCQGp9rbm1-oEBSMAOuWlvkUnM', 'ASESOR', 'ACTIVO', '2026-05-31T03:23:25.929Z', '2026-05-31T03:23:25.929Z') ON CONFLICT(id) DO UPDATE SET username=excluded.username, nombre=excluded.nombre, hash_clave=excluded.hash_clave, rol=excluded.rol, estado=excluded.estado, actualizado_en=excluded.actualizado_en;
INSERT INTO usuarios (id, username, nombre, hash_clave, rol, estado, creado_en, actualizado_en) VALUES ('00000000-0000-4000-a000-000000000003', 'lmartinez', 'Lucía Martínez', 'pbkdf2$100000$JEafnWqKCUv8dwzQIcHnNQ$axK2IlbmO1T696TgbQ2uXcO9YQg-aOQDMToU4nW8wgY', 'ASESOR', 'ACTIVO', '2026-05-31T03:23:25.929Z', '2026-05-31T03:23:25.929Z') ON CONFLICT(id) DO UPDATE SET username=excluded.username, nombre=excluded.nombre, hash_clave=excluded.hash_clave, rol=excluded.rol, estado=excluded.estado, actualizado_en=excluded.actualizado_en;

-- Propiedades
INSERT INTO propiedades (id, titulo, descripcion, precio, origen, estado, id_lead_origen, id_cliente_propietario, captada_por_asesor_id, asesor_responsable_id, creado_en, actualizado_en) VALUES ('11111111-1111-4000-a000-000000000001', 'Casa en Surco', 'Casa de 3 dormitorios con jardín y piscina', 350000, 'ALVAS', 'DISPONIBLE', NULL, NULL, NULL, NULL, '2026-05-31T03:23:25.929Z', '2026-05-31T03:23:25.929Z') ON CONFLICT(id) DO UPDATE SET titulo=excluded.titulo, descripcion=excluded.descripcion, precio=excluded.precio, origen=excluded.origen, estado=excluded.estado, actualizado_en=excluded.actualizado_en;
INSERT INTO propiedades (id, titulo, descripcion, precio, origen, estado, id_lead_origen, id_cliente_propietario, captada_por_asesor_id, asesor_responsable_id, creado_en, actualizado_en) VALUES ('11111111-1111-4000-a000-000000000002', 'Departamento en Miraflores', 'Departamento de 2 dormitorios frente al malecón', 280000, 'ALVAS', 'DISPONIBLE', NULL, NULL, NULL, NULL, '2026-05-31T03:23:25.929Z', '2026-05-31T03:23:25.929Z') ON CONFLICT(id) DO UPDATE SET titulo=excluded.titulo, descripcion=excluded.descripcion, precio=excluded.precio, origen=excluded.origen, estado=excluded.estado, actualizado_en=excluded.actualizado_en;
INSERT INTO propiedades (id, titulo, descripcion, precio, origen, estado, id_lead_origen, id_cliente_propietario, captada_por_asesor_id, asesor_responsable_id, creado_en, actualizado_en) VALUES ('11111111-1111-4000-a000-000000000003', 'Terreno en San Bartolo', 'Terreno de 500m² con vista al mar', 180000, 'ALVAS', 'DISPONIBLE', NULL, NULL, NULL, NULL, '2026-05-31T03:23:25.929Z', '2026-05-31T03:23:25.929Z') ON CONFLICT(id) DO UPDATE SET titulo=excluded.titulo, descripcion=excluded.descripcion, precio=excluded.precio, origen=excluded.origen, estado=excluded.estado, actualizado_en=excluded.actualizado_en;
INSERT INTO propiedades (id, titulo, descripcion, precio, origen, estado, id_lead_origen, id_cliente_propietario, captada_por_asesor_id, asesor_responsable_id, creado_en, actualizado_en) VALUES ('11111111-1111-4000-a000-000000000004', 'Local Comercial en San Isidro', 'Local de 120m² en plena av. principal', 420000, 'ALVAS', 'DISPONIBLE', NULL, NULL, NULL, NULL, '2026-05-31T03:23:25.929Z', '2026-05-31T03:23:25.929Z') ON CONFLICT(id) DO UPDATE SET titulo=excluded.titulo, descripcion=excluded.descripcion, precio=excluded.precio, origen=excluded.origen, estado=excluded.estado, actualizado_en=excluded.actualizado_en;

-- Captaciones Pendientes
INSERT INTO integraciones_captaciones_pendientes (id, canal, origen, nombre, telefono, email, tipo, estado, creado_en, actualizado_en) VALUES ('66666666-1111-4000-a000-000000000001', 'WHATSAPP', 'WEB', 'Roberto Gomez', '988123456', 'roberto@mail.com', 'COMPRA', 'PENDIENTE', '2026-05-31T03:23:25.929Z', '2026-05-31T03:23:25.929Z');
INSERT INTO integraciones_captaciones_pendientes (id, canal, origen, nombre, telefono, email, tipo, estado, creado_en, actualizado_en) VALUES ('66666666-1111-4000-a000-000000000002', 'FORMULARIO_WEB', 'FACEBOOK', 'Elena Paz', '977234567', 'elena@mail.com', 'VENTA', 'PENDIENTE', '2026-05-31T03:23:25.929Z', '2026-05-31T03:23:25.929Z');

-- Leads
INSERT INTO ventas_leads (id, nombre, email, telefono, tipo, estado, id_asesor, id_cliente, id_propiedad_interes, creado_en, actualizado_en) VALUES ('22222222-1111-4000-a000-000000000001', 'María Torres', 'maria@example.com', '999111222', 'COMPRA', 'CONTACTO', '00000000-0000-4000-a000-000000000002', NULL, '11111111-1111-4000-a000-000000000001', '2026-05-31T03:23:25.929Z', '2026-05-31T03:23:25.929Z') ON CONFLICT(id) DO UPDATE SET nombre=excluded.nombre, email=excluded.email, telefono=excluded.telefono, tipo=excluded.tipo, estado=excluded.estado, id_asesor=excluded.id_asesor, id_propiedad_interes=excluded.id_propiedad_interes, actualizado_en=excluded.actualizado_en;
INSERT INTO ventas_actividad (id_lead, evento, descripcion, fecha) VALUES ('22222222-1111-4000-a000-000000000001', 'LEAD_CREADO', 'Lead registrado: María Torres', '2026-05-31T03:23:26.929Z');
INSERT INTO ventas_leads (id, nombre, email, telefono, tipo, estado, id_asesor, id_cliente, id_propiedad_interes, creado_en, actualizado_en) VALUES ('22222222-1111-4000-a000-000000000002', 'Carlos López', 'carlos@example.com', '999333444', 'COMPRA', 'NUEVO', '00000000-0000-4000-a000-000000000002', NULL, '11111111-1111-4000-a000-000000000002', '2026-05-31T03:23:25.929Z', '2026-05-31T03:23:25.929Z') ON CONFLICT(id) DO UPDATE SET nombre=excluded.nombre, email=excluded.email, telefono=excluded.telefono, tipo=excluded.tipo, estado=excluded.estado, id_asesor=excluded.id_asesor, id_propiedad_interes=excluded.id_propiedad_interes, actualizado_en=excluded.actualizado_en;
INSERT INTO ventas_actividad (id_lead, evento, descripcion, fecha) VALUES ('22222222-1111-4000-a000-000000000002', 'LEAD_CREADO', 'Lead registrado: Carlos López', '2026-05-31T03:23:27.929Z');
INSERT INTO ventas_leads (id, nombre, email, telefono, tipo, estado, id_asesor, id_cliente, id_propiedad_interes, creado_en, actualizado_en) VALUES ('22222222-1111-4000-a000-000000000003', 'Ana García', 'ana@example.com', '999555666', 'VENTA', 'TRABAJANDO', '00000000-0000-4000-a000-000000000003', NULL, NULL, '2026-05-31T03:23:25.929Z', '2026-05-31T03:23:25.929Z') ON CONFLICT(id) DO UPDATE SET nombre=excluded.nombre, email=excluded.email, telefono=excluded.telefono, tipo=excluded.tipo, estado=excluded.estado, id_asesor=excluded.id_asesor, id_propiedad_interes=excluded.id_propiedad_interes, actualizado_en=excluded.actualizado_en;
INSERT INTO ventas_actividad (id_lead, evento, descripcion, fecha) VALUES ('22222222-1111-4000-a000-000000000003', 'LEAD_CREADO', 'Lead registrado: Ana García', '2026-05-31T03:23:28.929Z');
INSERT INTO ventas_leads (id, nombre, email, telefono, tipo, estado, id_asesor, id_cliente, id_propiedad_interes, creado_en, actualizado_en) VALUES ('22222222-1111-4000-a000-000000000004', 'Pedro Sánchez', 'pedro@example.com', '999777888', 'COMPRA', 'NUEVO', '00000000-0000-4000-a000-000000000003', NULL, '11111111-1111-4000-a000-000000000004', '2026-05-31T03:23:25.929Z', '2026-05-31T03:23:25.929Z') ON CONFLICT(id) DO UPDATE SET nombre=excluded.nombre, email=excluded.email, telefono=excluded.telefono, tipo=excluded.tipo, estado=excluded.estado, id_asesor=excluded.id_asesor, id_propiedad_interes=excluded.id_propiedad_interes, actualizado_en=excluded.actualizado_en;
INSERT INTO ventas_actividad (id_lead, evento, descripcion, fecha) VALUES ('22222222-1111-4000-a000-000000000004', 'LEAD_CREADO', 'Lead registrado: Pedro Sánchez', '2026-05-31T03:23:29.929Z');
INSERT INTO ventas_leads (id, nombre, email, telefono, tipo, estado, id_asesor, id_cliente, id_propiedad_interes, creado_en, actualizado_en) VALUES ('22222222-1111-4000-a000-000000000005', 'Sofía Díaz', 'sofia@example.com', '999000111', 'VENTA', 'NUEVO', '00000000-0000-4000-a000-000000000002', NULL, NULL, '2026-05-31T03:23:25.929Z', '2026-05-31T03:23:25.929Z') ON CONFLICT(id) DO UPDATE SET nombre=excluded.nombre, email=excluded.email, telefono=excluded.telefono, tipo=excluded.tipo, estado=excluded.estado, id_asesor=excluded.id_asesor, id_propiedad_interes=excluded.id_propiedad_interes, actualizado_en=excluded.actualizado_en;
INSERT INTO ventas_actividad (id_lead, evento, descripcion, fecha) VALUES ('22222222-1111-4000-a000-000000000005', 'LEAD_CREADO', 'Lead registrado: Sofía Díaz', '2026-05-31T03:23:30.929Z');

-- Propiedades preliminares (BORRADOR)
INSERT INTO propiedades (id, titulo, descripcion, precio, origen, estado, id_lead_origen, id_cliente_propietario, captada_por_asesor_id, asesor_responsable_id, creado_en, actualizado_en) VALUES ('11111111-2222-4000-a000-000000000001', 'Casa en La Molina (Venta - Ana García)', 'Casa de 4 dormitorios con amplio jardín', 520000, 'CLIENTE', 'BORRADOR', '22222222-1111-4000-a000-000000000003', NULL, NULL, '00000000-0000-4000-a000-000000000003', '2026-05-31T03:23:25.929Z', '2026-05-31T03:23:25.929Z') ON CONFLICT(id) DO UPDATE SET titulo=excluded.titulo, descripcion=excluded.descripcion, precio=excluded.precio, origen=excluded.origen, estado=excluded.estado, id_lead_origen=excluded.id_lead_origen, actualizado_en=excluded.actualizado_en;

-- Citas
INSERT INTO ventas_citas (id, id_lead, id_propiedad, fecha_inicio, fecha_fin, estado, observacion) VALUES ('33333333-1111-4000-a000-000000000001', '22222222-1111-4000-a000-000000000001', '11111111-1111-4000-a000-000000000001', '2026-06-01T03:23:25.929Z', '2026-06-01T04:23:25.929Z', 'PENDIENTE', 'Primera visita - Casa en Surco') ON CONFLICT(id) DO UPDATE SET id_lead=excluded.id_lead, id_propiedad=excluded.id_propiedad, fecha_inicio=excluded.fecha_inicio, fecha_fin=excluded.fecha_fin, estado=excluded.estado, observacion=excluded.observacion;
INSERT INTO ventas_actividad (id_lead, evento, descripcion, fecha) VALUES ('22222222-1111-4000-a000-000000000001', 'CITA_AGENDADA', 'Cita agendada para Primera visita - Casa en Surco', '2026-05-31T03:23:31.929Z');

-- Contratos
INSERT INTO ventas_contratos (id, id_lead, id_cliente, id_propiedad, fecha_inicio, fecha_fin, estado, creado_en, actualizado_en) VALUES ('44444444-1111-4000-a000-000000000001', '22222222-1111-4000-a000-000000000001', NULL, '11111111-1111-4000-a000-000000000001', '2026-05-31T03:23:25.929Z', '2027-05-30T05:00:00.000Z', 'BORRADOR', '2026-05-31T03:23:25.929Z', '2026-05-31T03:23:25.929Z') ON CONFLICT(id) DO UPDATE SET id_lead=excluded.id_lead, id_cliente=excluded.id_cliente, id_propiedad=excluded.id_propiedad, fecha_inicio=excluded.fecha_inicio, fecha_fin=excluded.fecha_fin, estado=excluded.estado, actualizado_en=excluded.actualizado_en;
INSERT INTO ventas_actividad (id_lead, evento, descripcion, fecha) VALUES ('22222222-1111-4000-a000-000000000001', 'CONTRATO_CREADO', 'Contrato comercial creado para la propiedad seleccionada', '2026-05-31T03:23:32.929Z');

-- Clientes
INSERT INTO ventas_clientes (id, nombre, email, telefono, id_asesor, id_lead_origen, creado_en, actualizado_en) VALUES ('55555555-1111-4000-a000-000000000001', 'María Torres (Cliente)', 'maria.cliente@example.com', '999111222', '00000000-0000-4000-a000-000000000002', '22222222-1111-4000-a000-000000000001', '2026-05-31T03:23:25.929Z', '2026-05-31T03:23:25.929Z') ON CONFLICT(id) DO UPDATE SET nombre=excluded.nombre, email=excluded.email, telefono=excluded.telefono, id_asesor=excluded.id_asesor, id_lead_origen=excluded.id_lead_origen, actualizado_en=excluded.actualizado_en;
INSERT INTO ventas_actividad (id_lead, evento, descripcion, fecha) VALUES ('22222222-1111-4000-a000-000000000001', 'CLIENTE_CONVERTIDO', 'Lead convertido a cliente: María Torres (Cliente)', '2026-05-31T03:23:33.929Z');
