-- Seed data generated from seed.ts

-- Usuarios
INSERT INTO usuarios (id, username, nombre, hash_clave, rol, estado, creado_en, actualizado_en) VALUES ('admin', 'admin', 'Admin ALVAS', 'pbkdf2$100000$24NxyJwy7WxQCL9lnFBIkg$rnGMip_9rWNcrMQr-UEWU3X-h0xz1qrfmq7y0lcWlsU', 'ADMIN', 'ACTIVO', '2026-05-28T07:26:53.042Z', '2026-05-28T07:26:53.042Z') ON CONFLICT(id) DO UPDATE SET username=excluded.username, nombre=excluded.nombre, hash_clave=excluded.hash_clave, rol=excluded.rol, estado=excluded.estado, actualizado_en=excluded.actualizado_en;
INSERT INTO usuarios (id, username, nombre, hash_clave, rol, estado, creado_en, actualizado_en) VALUES ('jramirez', 'jramirez', 'Juan Ramírez', 'pbkdf2$100000$3lF8xoDRFKXqz41_IeFboA$izSR6ZzcmqJd9P4DuHIGh2TMegHVgdXozT4P88DoGEc', 'ASESOR', 'ACTIVO', '2026-05-28T07:26:53.042Z', '2026-05-28T07:26:53.042Z') ON CONFLICT(id) DO UPDATE SET username=excluded.username, nombre=excluded.nombre, hash_clave=excluded.hash_clave, rol=excluded.rol, estado=excluded.estado, actualizado_en=excluded.actualizado_en;
INSERT INTO usuarios (id, username, nombre, hash_clave, rol, estado, creado_en, actualizado_en) VALUES ('lmartinez', 'lmartinez', 'Lucía Martínez', 'pbkdf2$100000$OBglzXuaNjHsjiSMpSPrGg$_tgRnprG2jqunUast21ZLbL-gAenMjtsnjNjkdjzyN0', 'ASESOR', 'ACTIVO', '2026-05-28T07:26:53.042Z', '2026-05-28T07:26:53.042Z') ON CONFLICT(id) DO UPDATE SET username=excluded.username, nombre=excluded.nombre, hash_clave=excluded.hash_clave, rol=excluded.rol, estado=excluded.estado, actualizado_en=excluded.actualizado_en;

-- Propiedades
INSERT INTO propiedades (id, titulo, descripcion, precio, origen, estado, id_lead_origen, id_cliente_propietario, captada_por_asesor_id, asesor_responsable_id, creado_en, actualizado_en) VALUES ('prop-001', 'Casa en Surco', 'Casa de 3 dormitorios con jardín y piscina', 350000, 'ALVAS', 'DISPONIBLE', NULL, NULL, NULL, NULL, '2026-05-28T07:26:53.042Z', '2026-05-28T07:26:53.042Z') ON CONFLICT(id) DO UPDATE SET titulo=excluded.titulo, descripcion=excluded.descripcion, precio=excluded.precio, origen=excluded.origen, estado=excluded.estado, actualizado_en=excluded.actualizado_en;
INSERT INTO propiedades (id, titulo, descripcion, precio, origen, estado, id_lead_origen, id_cliente_propietario, captada_por_asesor_id, asesor_responsable_id, creado_en, actualizado_en) VALUES ('prop-002', 'Departamento en Miraflores', 'Departamento de 2 dormitorios frente al malecón', 280000, 'ALVAS', 'DISPONIBLE', NULL, NULL, NULL, NULL, '2026-05-28T07:26:53.042Z', '2026-05-28T07:26:53.042Z') ON CONFLICT(id) DO UPDATE SET titulo=excluded.titulo, descripcion=excluded.descripcion, precio=excluded.precio, origen=excluded.origen, estado=excluded.estado, actualizado_en=excluded.actualizado_en;
INSERT INTO propiedades (id, titulo, descripcion, precio, origen, estado, id_lead_origen, id_cliente_propietario, captada_por_asesor_id, asesor_responsable_id, creado_en, actualizado_en) VALUES ('prop-003', 'Terreno en San Bartolo', 'Terreno de 500m² con vista al mar', 180000, 'ALVAS', 'DISPONIBLE', NULL, NULL, NULL, NULL, '2026-05-28T07:26:53.042Z', '2026-05-28T07:26:53.042Z') ON CONFLICT(id) DO UPDATE SET titulo=excluded.titulo, descripcion=excluded.descripcion, precio=excluded.precio, origen=excluded.origen, estado=excluded.estado, actualizado_en=excluded.actualizado_en;
INSERT INTO propiedades (id, titulo, descripcion, precio, origen, estado, id_lead_origen, id_cliente_propietario, captada_por_asesor_id, asesor_responsable_id, creado_en, actualizado_en) VALUES ('prop-004', 'Local Comercial en San Isidro', 'Local de 120m² en plena av. principal', 420000, 'ALVAS', 'DISPONIBLE', NULL, NULL, NULL, NULL, '2026-05-28T07:26:53.042Z', '2026-05-28T07:26:53.042Z') ON CONFLICT(id) DO UPDATE SET titulo=excluded.titulo, descripcion=excluded.descripcion, precio=excluded.precio, origen=excluded.origen, estado=excluded.estado, actualizado_en=excluded.actualizado_en;

-- Leads
INSERT INTO ventas_leads (id, nombre, email, telefono, tipo, estado, id_asesor, id_cliente, id_propiedad_interes, creado_en, actualizado_en) VALUES ('lead-001', 'María Torres', 'maria@example.com', '999111222', 'COMPRA', 'CONTACTO', 'jramirez', NULL, 'prop-001', '2026-05-28T07:26:53.042Z', '2026-05-28T07:26:53.042Z') ON CONFLICT(id) DO UPDATE SET nombre=excluded.nombre, email=excluded.email, telefono=excluded.telefono, tipo=excluded.tipo, estado=excluded.estado, id_asesor=excluded.id_asesor, id_propiedad_interes=excluded.id_propiedad_interes, actualizado_en=excluded.actualizado_en;
INSERT INTO ventas_leads (id, nombre, email, telefono, tipo, estado, id_asesor, id_cliente, id_propiedad_interes, creado_en, actualizado_en) VALUES ('lead-002', 'Carlos López', 'carlos@example.com', '999333444', 'COMPRA', 'NUEVO', 'jramirez', NULL, 'prop-002', '2026-05-28T07:26:53.042Z', '2026-05-28T07:26:53.042Z') ON CONFLICT(id) DO UPDATE SET nombre=excluded.nombre, email=excluded.email, telefono=excluded.telefono, tipo=excluded.tipo, estado=excluded.estado, id_asesor=excluded.id_asesor, id_propiedad_interes=excluded.id_propiedad_interes, actualizado_en=excluded.actualizado_en;
INSERT INTO ventas_leads (id, nombre, email, telefono, tipo, estado, id_asesor, id_cliente, id_propiedad_interes, creado_en, actualizado_en) VALUES ('lead-003', 'Ana García', 'ana@example.com', '999555666', 'VENTA', 'TRABAJANDO', 'lmartinez', NULL, NULL, '2026-05-28T07:26:53.042Z', '2026-05-28T07:26:53.042Z') ON CONFLICT(id) DO UPDATE SET nombre=excluded.nombre, email=excluded.email, telefono=excluded.telefono, tipo=excluded.tipo, estado=excluded.estado, id_asesor=excluded.id_asesor, id_propiedad_interes=excluded.id_propiedad_interes, actualizado_en=excluded.actualizado_en;
INSERT INTO ventas_leads (id, nombre, email, telefono, tipo, estado, id_asesor, id_cliente, id_propiedad_interes, creado_en, actualizado_en) VALUES ('lead-004', 'Pedro Sánchez', 'pedro@example.com', '999777888', 'COMPRA', 'NUEVO', 'lmartinez', NULL, 'prop-004', '2026-05-28T07:26:53.042Z', '2026-05-28T07:26:53.042Z') ON CONFLICT(id) DO UPDATE SET nombre=excluded.nombre, email=excluded.email, telefono=excluded.telefono, tipo=excluded.tipo, estado=excluded.estado, id_asesor=excluded.id_asesor, id_propiedad_interes=excluded.id_propiedad_interes, actualizado_en=excluded.actualizado_en;
INSERT INTO ventas_leads (id, nombre, email, telefono, tipo, estado, id_asesor, id_cliente, id_propiedad_interes, creado_en, actualizado_en) VALUES ('lead-005', 'Sofía Díaz', 'sofia@example.com', '999000111', 'VENTA', 'NUEVO', 'jramirez', NULL, NULL, '2026-05-28T07:26:53.042Z', '2026-05-28T07:26:53.042Z') ON CONFLICT(id) DO UPDATE SET nombre=excluded.nombre, email=excluded.email, telefono=excluded.telefono, tipo=excluded.tipo, estado=excluded.estado, id_asesor=excluded.id_asesor, id_propiedad_interes=excluded.id_propiedad_interes, actualizado_en=excluded.actualizado_en;
INSERT INTO ventas_leads (id, nombre, email, telefono, tipo, estado, id_asesor, id_cliente, id_propiedad_interes, creado_en, actualizado_en) VALUES ('lead-006', 'Ricardo Mendoza', 'ricardo@example.com', '999222333', 'COMPRA', 'NUEVO', 'jramirez', NULL, 'prop-001', '2026-05-28T07:26:53.042Z', '2026-05-28T07:26:53.042Z') ON CONFLICT(id) DO UPDATE SET nombre=excluded.nombre, email=excluded.email, telefono=excluded.telefono, tipo=excluded.tipo, estado=excluded.estado, id_asesor=excluded.id_asesor, id_propiedad_interes=excluded.id_propiedad_interes, actualizado_en=excluded.actualizado_en;
INSERT INTO ventas_leads (id, nombre, email, telefono, tipo, estado, id_asesor, id_cliente, id_propiedad_interes, creado_en, actualizado_en) VALUES ('lead-007', 'Carmen Flores', 'carmen@example.com', '999444555', 'VENTA', 'NUEVO', 'lmartinez', NULL, NULL, '2026-05-28T07:26:53.042Z', '2026-05-28T07:26:53.042Z') ON CONFLICT(id) DO UPDATE SET nombre=excluded.nombre, email=excluded.email, telefono=excluded.telefono, tipo=excluded.tipo, estado=excluded.estado, id_asesor=excluded.id_asesor, id_propiedad_interes=excluded.id_propiedad_interes, actualizado_en=excluded.actualizado_en;
INSERT INTO ventas_leads (id, nombre, email, telefono, tipo, estado, id_asesor, id_cliente, id_propiedad_interes, creado_en, actualizado_en) VALUES ('lead-008', 'Diego Castillo', 'diego@example.com', '999666777', 'COMPRA', 'NUEVO', 'jramirez', NULL, NULL, '2026-05-28T07:26:53.042Z', '2026-05-28T07:26:53.042Z') ON CONFLICT(id) DO UPDATE SET nombre=excluded.nombre, email=excluded.email, telefono=excluded.telefono, tipo=excluded.tipo, estado=excluded.estado, id_asesor=excluded.id_asesor, id_propiedad_interes=excluded.id_propiedad_interes, actualizado_en=excluded.actualizado_en;
INSERT INTO ventas_leads (id, nombre, email, telefono, tipo, estado, id_asesor, id_cliente, id_propiedad_interes, creado_en, actualizado_en) VALUES ('lead-009', 'Valeria Ríos', 'valeria@example.com', '999888999', 'VENTA', 'PERDIDO', 'lmartinez', NULL, NULL, '2026-05-28T07:26:53.042Z', '2026-05-28T07:26:53.042Z') ON CONFLICT(id) DO UPDATE SET nombre=excluded.nombre, email=excluded.email, telefono=excluded.telefono, tipo=excluded.tipo, estado=excluded.estado, id_asesor=excluded.id_asesor, id_propiedad_interes=excluded.id_propiedad_interes, actualizado_en=excluded.actualizado_en;

-- Actividades de Leads
INSERT INTO ventas_actividad (id_lead, evento, descripcion, fecha) VALUES ('lead-001', 'LEAD_CREADO', 'Lead registrado vía seed', '2026-05-28T07:26:53.042Z');
INSERT INTO ventas_actividad (id_lead, evento, descripcion, fecha) VALUES ('lead-002', 'LEAD_CREADO', 'Lead registrado vía seed', '2026-05-28T07:26:53.042Z');
INSERT INTO ventas_actividad (id_lead, evento, descripcion, fecha) VALUES ('lead-003', 'LEAD_CREADO', 'Lead registrado vía seed', '2026-05-28T07:26:53.042Z');
INSERT INTO ventas_actividad (id_lead, evento, descripcion, fecha) VALUES ('lead-004', 'LEAD_CREADO', 'Lead registrado vía seed', '2026-05-28T07:26:53.042Z');
INSERT INTO ventas_actividad (id_lead, evento, descripcion, fecha) VALUES ('lead-005', 'LEAD_CREADO', 'Lead registrado vía seed', '2026-05-28T07:26:53.042Z');
INSERT INTO ventas_actividad (id_lead, evento, descripcion, fecha) VALUES ('lead-006', 'LEAD_CREADO', 'Lead registrado vía seed', '2026-05-28T07:26:53.042Z');
INSERT INTO ventas_actividad (id_lead, evento, descripcion, fecha) VALUES ('lead-007', 'LEAD_CREADO', 'Lead registrado vía seed', '2026-05-28T07:26:53.042Z');
INSERT INTO ventas_actividad (id_lead, evento, descripcion, fecha) VALUES ('lead-008', 'LEAD_CREADO', 'Lead registrado vía seed', '2026-05-28T07:26:53.042Z');
INSERT INTO ventas_actividad (id_lead, evento, descripcion, fecha) VALUES ('lead-009', 'LEAD_CREADO', 'Lead registrado vía seed', '2026-05-28T07:26:53.042Z');

-- Propiedades Borrador (Preliminares)
INSERT INTO propiedades (id, titulo, descripcion, precio, origen, estado, id_lead_origen, id_cliente_propietario, captada_por_asesor_id, asesor_responsable_id, creado_en, actualizado_en) VALUES ('prop-prel-001', 'Casa en La Molina (Venta - Ana García)', 'Casa de 4 dormitorios con amplio jardín', 520000, 'ALVAS', 'BORRADOR', 'lead-003', NULL, NULL, NULL, '2026-05-28T07:26:53.042Z', '2026-05-28T07:26:53.042Z') ON CONFLICT(id) DO UPDATE SET titulo=excluded.titulo, descripcion=excluded.descripcion, precio=excluded.precio, origen=excluded.origen, estado=excluded.estado, id_lead_origen=excluded.id_lead_origen, actualizado_en=excluded.actualizado_en;
INSERT INTO propiedades (id, titulo, descripcion, precio, origen, estado, id_lead_origen, id_cliente_propietario, captada_por_asesor_id, asesor_responsable_id, creado_en, actualizado_en) VALUES ('prop-prel-002', 'Departamento en Barranco (Venta - Sofía Díaz)', 'Departamento de 3 dormitorios con terraza', 380000, 'ALVAS', 'BORRADOR', 'lead-005', NULL, NULL, NULL, '2026-05-28T07:26:53.042Z', '2026-05-28T07:26:53.042Z') ON CONFLICT(id) DO UPDATE SET titulo=excluded.titulo, descripcion=excluded.descripcion, precio=excluded.precio, origen=excluded.origen, estado=excluded.estado, id_lead_origen=excluded.id_lead_origen, actualizado_en=excluded.actualizado_en;
INSERT INTO propiedades (id, titulo, descripcion, precio, origen, estado, id_lead_origen, id_cliente_propietario, captada_por_asesor_id, asesor_responsable_id, creado_en, actualizado_en) VALUES ('prop-prel-003', 'Casa en Chorrillos (Venta - Carmen Flores)', 'Casa de 2 dormitorios cerca al malecón', 250000, 'ALVAS', 'BORRADOR', 'lead-007', NULL, NULL, NULL, '2026-05-28T07:26:53.042Z', '2026-05-28T07:26:53.042Z') ON CONFLICT(id) DO UPDATE SET titulo=excluded.titulo, descripcion=excluded.descripcion, precio=excluded.precio, origen=excluded.origen, estado=excluded.estado, id_lead_origen=excluded.id_lead_origen, actualizado_en=excluded.actualizado_en;

-- Citas
INSERT INTO ventas_citas (id, id_lead, id_propiedad, fecha_inicio, fecha_fin, estado, observacion) VALUES ('cita-001', 'lead-001', 'prop-001', '2026-05-29T07:26:53.042Z', '2026-05-29T08:26:53.042Z', 'PENDIENTE', 'Primera visita - Casa en Surco') ON CONFLICT(id) DO UPDATE SET id_lead=excluded.id_lead, id_propiedad=excluded.id_propiedad, fecha_inicio=excluded.fecha_inicio, fecha_fin=excluded.fecha_fin, estado=excluded.estado, observacion=excluded.observacion;
INSERT INTO ventas_actividad (id_lead, evento, descripcion, fecha) VALUES ('lead-001', 'CITA_AGENDADA', 'Cita agendada: Primera visita - Casa en Surco', '2026-05-28T07:26:53.042Z');
INSERT INTO ventas_citas (id, id_lead, id_propiedad, fecha_inicio, fecha_fin, estado, observacion) VALUES ('cita-002', 'lead-002', 'prop-002', '2026-05-30T07:26:53.042Z', '2026-05-30T08:26:53.042Z', 'PENDIENTE', 'Segunda visita - Depto Miraflores') ON CONFLICT(id) DO UPDATE SET id_lead=excluded.id_lead, id_propiedad=excluded.id_propiedad, fecha_inicio=excluded.fecha_inicio, fecha_fin=excluded.fecha_fin, estado=excluded.estado, observacion=excluded.observacion;
INSERT INTO ventas_actividad (id_lead, evento, descripcion, fecha) VALUES ('lead-002', 'CITA_AGENDADA', 'Cita agendada: Segunda visita - Depto Miraflores', '2026-05-28T07:26:53.042Z');
INSERT INTO ventas_citas (id, id_lead, id_propiedad, fecha_inicio, fecha_fin, estado, observacion) VALUES ('cita-003', 'lead-004', 'prop-004', '2026-05-31T07:26:53.042Z', '2026-05-31T08:26:53.042Z', 'PENDIENTE', 'Primera visita - Local San Isidro') ON CONFLICT(id) DO UPDATE SET id_lead=excluded.id_lead, id_propiedad=excluded.id_propiedad, fecha_inicio=excluded.fecha_inicio, fecha_fin=excluded.fecha_fin, estado=excluded.estado, observacion=excluded.observacion;
INSERT INTO ventas_actividad (id_lead, evento, descripcion, fecha) VALUES ('lead-004', 'CITA_AGENDADA', 'Cita agendada: Primera visita - Local San Isidro', '2026-05-28T07:26:53.042Z');
INSERT INTO ventas_citas (id, id_lead, id_propiedad, fecha_inicio, fecha_fin, estado, observacion) VALUES ('cita-004', 'lead-006', 'prop-001', '2026-05-27T07:26:53.042Z', '2026-05-27T08:26:53.042Z', 'PENDIENTE', 'Visita realizada - Casa en Surco') ON CONFLICT(id) DO UPDATE SET id_lead=excluded.id_lead, id_propiedad=excluded.id_propiedad, fecha_inicio=excluded.fecha_inicio, fecha_fin=excluded.fecha_fin, estado=excluded.estado, observacion=excluded.observacion;
INSERT INTO ventas_actividad (id_lead, evento, descripcion, fecha) VALUES ('lead-006', 'CITA_AGENDADA', 'Cita agendada: Visita realizada - Casa en Surco', '2026-05-28T07:26:53.042Z');

-- Contratos
INSERT INTO ventas_contratos (id, id_lead, id_cliente, id_propiedad, fecha_inicio, fecha_fin, estado, creado_en, actualizado_en) VALUES ('contrato-001', 'lead-001', NULL, 'prop-001', '2026-05-28T07:26:53.042Z', '2027-05-28T05:00:00.000Z', 'BORRADOR', '2026-05-28T07:26:53.042Z', '2026-05-28T07:26:53.042Z') ON CONFLICT(id) DO UPDATE SET id_lead=excluded.id_lead, id_cliente=excluded.id_cliente, id_propiedad=excluded.id_propiedad, fecha_inicio=excluded.fecha_inicio, fecha_fin=excluded.fecha_fin, estado=excluded.estado, actualizado_en=excluded.actualizado_en;
INSERT INTO ventas_actividad (id_lead, evento, descripcion, fecha) VALUES ('lead-001', 'CONTRATO_CREADO', 'Contrato contrato-001 creado vía seed', '2026-05-28T07:26:53.042Z');
INSERT INTO ventas_contratos (id, id_lead, id_cliente, id_propiedad, fecha_inicio, fecha_fin, estado, creado_en, actualizado_en) VALUES ('contrato-002', 'lead-003', NULL, 'prop-003', '2026-05-28T07:26:53.042Z', '2026-11-28T05:00:00.000Z', 'BORRADOR', '2026-05-28T07:26:53.042Z', '2026-05-28T07:26:53.042Z') ON CONFLICT(id) DO UPDATE SET id_lead=excluded.id_lead, id_cliente=excluded.id_cliente, id_propiedad=excluded.id_propiedad, fecha_inicio=excluded.fecha_inicio, fecha_fin=excluded.fecha_fin, estado=excluded.estado, actualizado_en=excluded.actualizado_en;
INSERT INTO ventas_actividad (id_lead, evento, descripcion, fecha) VALUES ('lead-003', 'CONTRATO_CREADO', 'Contrato contrato-002 creado vía seed', '2026-05-28T07:26:53.042Z');
INSERT INTO ventas_contratos (id, id_lead, id_cliente, id_propiedad, fecha_inicio, fecha_fin, estado, creado_en, actualizado_en) VALUES ('contrato-003', 'lead-004', NULL, 'prop-004', '2026-05-28T07:26:53.042Z', '2028-05-28T05:00:00.000Z', 'BORRADOR', '2026-05-28T07:26:53.042Z', '2026-05-28T07:26:53.042Z') ON CONFLICT(id) DO UPDATE SET id_lead=excluded.id_lead, id_cliente=excluded.id_cliente, id_propiedad=excluded.id_propiedad, fecha_inicio=excluded.fecha_inicio, fecha_fin=excluded.fecha_fin, estado=excluded.estado, actualizado_en=excluded.actualizado_en;
INSERT INTO ventas_actividad (id_lead, evento, descripcion, fecha) VALUES ('lead-004', 'CONTRATO_CREADO', 'Contrato contrato-003 creado vía seed', '2026-05-28T07:26:53.042Z');

-- Clientes
INSERT INTO ventas_clientes (id, nombre, email, telefono, id_asesor, id_lead_origen, creado_en, actualizado_en) VALUES ('cliente-001', 'María Torres (Cliente)', 'maria.cliente@example.com', '999111222', 'jramirez', 'lead-001', '2026-05-28T07:26:53.042Z', '2026-05-28T07:26:53.042Z') ON CONFLICT(id) DO UPDATE SET nombre=excluded.nombre, email=excluded.email, telefono=excluded.telefono, id_asesor=excluded.id_asesor, id_lead_origen=excluded.id_lead_origen, actualizado_en=excluded.actualizado_en;
INSERT INTO ventas_clientes (id, nombre, email, telefono, id_asesor, id_lead_origen, creado_en, actualizado_en) VALUES ('cliente-002', 'Pedro Sánchez (Cliente)', 'pedro.cliente@example.com', '999777888', 'lmartinez', 'lead-004', '2026-05-28T07:26:53.042Z', '2026-05-28T07:26:53.042Z') ON CONFLICT(id) DO UPDATE SET nombre=excluded.nombre, email=excluded.email, telefono=excluded.telefono, id_asesor=excluded.id_asesor, id_lead_origen=excluded.id_lead_origen, actualizado_en=excluded.actualizado_en;
INSERT INTO ventas_clientes (id, nombre, email, telefono, id_asesor, id_lead_origen, creado_en, actualizado_en) VALUES ('cliente-003', 'Ana García (Cliente)', 'ana.cliente@example.com', '999555666', 'lmartinez', 'lead-003', '2026-05-28T07:26:53.042Z', '2026-05-28T07:26:53.042Z') ON CONFLICT(id) DO UPDATE SET nombre=excluded.nombre, email=excluded.email, telefono=excluded.telefono, id_asesor=excluded.id_asesor, id_lead_origen=excluded.id_lead_origen, actualizado_en=excluded.actualizado_en;
